DATE,FFR,URATE,CPI,NETEXP,M2SL_PCH,M2,M2V,EXPECT
3/1/1970,7.76,4.4,6.09418,3.514,0.17056,#N/A,,#N/A
4/1/1970,8.1,4.6,6.06061,,0.1873,#N/A,1.804,#N/A
5/1/1970,7.95,4.8,6.04396,,0.52685,#N/A,,#N/A
6/1/1970,7.61,4.9,6.01093,5.207,0.62553,#N/A,,#N/A
7/1/1970,7.21,5,5.70652,,0.65524,#N/A,1.795,#N/A
8/1/1970,6.62,5.1,5.69106,,0.96812,#N/A,,#N/A
9/1/1970,6.29,5.4,5.66038,4.088,1.04149,#N/A,,#N/A
10/1/1970,6.2,5.5,5.63003,,0.85079,#N/A,1.752,#N/A
11/1/1970,5.6,5.9,5.6,,0.76249,#N/A,,#N/A
12/1/1970,4.9,6.1,5.57029,2.985,0.86943,#N/A,,#N/A
1/1/1971,4.14,5.9,5.27704,,1.02155,#N/A,1.77,#N/A
2/1/1971,3.72,5.9,4.72441,,1.27982,#N/A,,#N/A
3/1/1971,3.71,6,4.43864,4.57,1.38846,#N/A,,#N/A
4/1/1971,4.16,5.9,4.15584,,1.30789,#N/A,1.736,#N/A
5/1/1971,4.63,5.9,4.40415,,1.26063,#N/A,,#N/A
6/1/1971,4.91,5.9,4.38144,-0.401,0.94495,#N/A,,#N/A
7/1/1971,5.31,6,4.37018,,0.98068,#N/A,1.717,#N/A
8/1/1971,5.57,6.1,4.35897,,0.86816,#N/A,,#N/A
9/1/1971,5.55,6,4.08163,0.236,1.02115,#N/A,,#N/A
10/1/1971,5.2,5.8,3.80711,,0.85199,#N/A,1.69,#N/A
11/1/1971,4.91,6,3.53535,,0.88774,#N/A,,#N/A
12/1/1971,4.14,6,3.26633,-1.92,0.80897,#N/A,,#N/A
1/1/1972,3.51,5.8,3.25815,,1.04181,#N/A,1.696,#N/A
2/1/1972,3.3,5.7,3.7594,,1.11467,#N/A,,#N/A
3/1/1972,3.83,5.8,3.5,-3.534,1.07482,#N/A,,#N/A
4/1/1972,4.17,5.7,3.49127,,0.66803,#N/A,1.703,#N/A
5/1/1972,4.27,5.7,3.22581,,0.6636,#N/A,,#N/A
6/1/1972,4.46,5.7,2.96296,-4.258,0.86103,#N/A,,#N/A
7/1/1972,4.55,5.6,2.95567,,1.30719,#N/A,1.679,#N/A
8/1/1972,4.81,5.6,2.9484,,1.21132,#N/A,,#N/A
9/1/1972,4.87,5.5,3.18627,-2.638,1.24886,#N/A,,#N/A
10/1/1972,5.05,5.6,3.17848,,1.10497,#N/A,1.673,#N/A
11/1/1972,5.06,5.3,3.41463,,0.88957,#N/A,,#N/A
12/1/1972,5.33,5.2,3.40633,-3.061,1.05807,#N/A,,#N/A
1/1/1973,5.94,4.9,3.64078,,0.99713,#N/A,1.694,#N/A
2/1/1973,6.58,5,3.86473,,0.46896,#N/A,,#N/A
3/1/1973,7.09,4.9,4.83092,-1.4,0.1474,#N/A,,#N/A
4/1/1973,7.12,5,5.3012,,0.53968,#N/A,1.71,#N/A
5/1/1973,7.84,4.9,5.52885,,0.86617,#N/A,,#N/A
6/1/1973,8.49,4.9,5.9952,2.454,0.78616,#N/A,,#N/A
7/1/1973,10.4,4.8,5.74163,,0.38402,#N/A,1.711,#N/A
8/1/1973,10.5,4.8,7.39857,,0.27496,#N/A,,#N/A
9/1/1973,10.78,4.8,7.36342,6.437,0.05961,#N/A,,#N/A
10/1/1973,10.01,4.6,8.05687,,0.39318,#N/A,1.739,#N/A
11/1/1973,10.03,4.8,8.25472,,0.74769,#N/A,,#N/A
12/1/1973,9.95,4.9,8.94118,8.952,0.77748,#N/A,,#N/A
1/1/1974,9.65,5.1,9.60187,,0.49094,#N/A,1.725,#N/A
2/1/1974,8.97,5.2,10,,0.52344,#N/A,,#N/A
3/1/1974,9.35,5.1,10.13825,6.394,0.68271,#N/A,,#N/A
4/1/1974,10.51,5.1,10.06865,,0.3218,#N/A,1.748,#N/A
5/1/1974,11.31,5.1,10.70615,,0.19475,#N/A,,#N/A
6/1/1974,11.93,5.4,10.85973,-2.714,0.36588,#N/A,,#N/A
7/1/1974,12.92,5.5,11.53846,,0.41012,#N/A,1.764,#N/A
8/1/1974,12.01,5.5,10.88889,,0.30633,#N/A,,#N/A
9/1/1974,11.34,5.9,11.9469,-6.972,0.42982,#N/A,,#N/A
10/1/1974,10.06,6,11.84211,,0.60818,#N/A,1.781,#N/A
11/1/1974,9.45,6.6,12.20044,,0.59331,#N/A,,#N/A
12/1/1974,8.53,7.2,12.09503,0.033,0.38949,#N/A,,#N/A
1/1/1975,7.13,8.1,11.75214,,0.46558,#N/A,1.766,#N/A
2/1/1975,6.24,8.1,11.20507,,0.86064,#N/A,,#N/A
3/1/1975,5.54,8.6,10.46025,16.481,1.19243,#N/A,,#N/A
4/1/1975,5.49,8.8,10.18711,,1.09189,#N/A,1.741,#N/A
5/1/1975,5.22,9,9.25926,,1.36884,#N/A,,#N/A
6/1/1975,5.55,8.8,9.18367,21.582,1.593,#N/A,,#N/A
7/1/1975,6.1,8.6,9.53347,,1.25649,#N/A,1.739,#N/A
8/1/1975,6.14,8.4,8.61723,,0.82043,#N/A,,#N/A
9/1/1975,6.24,8.4,7.90514,12.043,0.85444,#N/A,,#N/A
10/1/1975,5.82,8.4,7.64706,,0.6354,#N/A,1.75,#N/A
11/1/1975,5.22,8.3,7.37864,,0.91201,#N/A,,#N/A
12/1/1975,5.2,8.2,7.12909,13.801,0.92363,#N/A,,#N/A
1/1/1976,4.87,7.9,6.69216,,1.02342,#N/A,1.752,#N/A
2/1/1976,4.77,7.7,6.27376,,1.3345,#N/A,,#N/A
3/1/1976,4.84,7.6,6.06061,4.65,0.93242,#N/A,,#N/A
4/1/1976,4.82,7.7,5.84906,,1.02857,#N/A,1.731,#N/A
5/1/1976,5.29,7.4,6.21469,,1.06523,#N/A,,#N/A
6/1/1976,5.48,7.6,5.98131,-0.496,0.51301,#N/A,,#N/A
7/1/1976,5.31,7.8,5.55556,,0.80735,#N/A,1.717,#N/A
8/1/1976,5.29,7.8,5.71956,,1.14149,#N/A,,#N/A
9/1/1976,5.25,7.6,5.49451,-4.073,1.1013,#N/A,,#N/A
10/1/1976,5.02,7.7,5.46448,,1.27836,#N/A,1.699,#N/A
11/1/1976,4.95,7.8,5.06329,,1.17333,#N/A,,#N/A
12/1/1976,4.65,7.8,5.03597,-6.603,1.21244,#N/A,,#N/A
1/1/1977,4.61,7.5,5.19713,,1.14583,#N/A,1.689,#N/A
2/1/1977,4.68,7.6,6.08229,,1.06419,#N/A,,#N/A
3/1/1977,4.69,7.4,6.42857,-21.079,0.92561,#N/A,,#N/A
4/1/1977,4.73,7.2,6.95187,,0.93395,#N/A,1.701,#N/A
5/1/1977,5.35,7,6.73759,,0.78359,#N/A,,#N/A
6/1/1977,5.39,7.2,6.70194,-21.136,0.72787,#N/A,,#N/A
7/1/1977,5.42,6.9,6.66667,,0.73083,#N/A,1.713,#N/A
8/1/1977,5.9,7,6.63176,,0.83965,#N/A,,#N/A
9/1/1977,6.14,6.8,6.42361,-20.579,0.74373,#N/A,,#N/A
10/1/1977,6.47,6.8,6.39033,,0.6259,#N/A,1.715,#N/A
11/1/1977,6.51,6.8,6.71256,,0.66986,#N/A,,#N/A
12/1/1977,6.56,6.4,6.67808,-29.582,0.62579,#N/A,,#N/A
1/1/1978,6.7,6.4,6.81431,,0.73998,#N/A,1.713,#N/A
2/1/1978,6.78,6.3,6.23946,,0.45323,#N/A,,#N/A
3/1/1978,6.79,6.3,6.37584,-38.681,0.5212,#N/A,,#N/A
4/1/1978,6.89,6.1,6.5,,0.63458,#N/A,1.78,#N/A
5/1/1978,7.36,6,7.14286,,0.77668,#N/A,,#N/A
6/1/1978,7.6,5.9,7.43802,-22.624,0.61045,#N/A,,#N/A
7/1/1978,7.81,6.2,7.73026,,0.42473,#N/A,1.795,#N/A
8/1/1978,8.04,5.9,7.85597,,0.70992,#N/A,,#N/A
9/1/1978,8.45,6,8.48287,-23.76,0.86239,#N/A,,#N/A
10/1/1978,8.96,5.8,8.92857,,0.54275,#N/A,1.822,#N/A
11/1/1978,9.76,5.9,8.87097,,0.50285,#N/A,,#N/A
12/1/1978,10.03,6,8.98876,-16.4,0.50769,#N/A,,#N/A
1/1/1979,10.07,5.9,9.2504,,0.40996,#N/A,1.832,#N/A
2/1/1979,10.06,5.9,9.84127,,0.45203,#N/A,,#N/A
3/1/1979,10.09,5.8,10.25237,-18.159,0.72579,#N/A,,#N/A
4/1/1979,10.01,5.8,10.48513,,1.03041,#N/A,1.835,#N/A
5/1/1979,10.24,5.6,10.69767,,0.5777,#N/A,,#N/A
6/1/1979,10.29,5.7,11.07692,-22.189,0.90767,#N/A,,#N/A
7/1/1979,10.47,5.7,11.45038,,0.82923,#N/A,1.846,#N/A
8/1/1979,10.94,6,11.83612,,0.82241,#N/A,,#N/A
9/1/1979,11.43,5.9,11.8797,-23.029,0.51846,#N/A,,#N/A
10/1/1979,13.77,6,12.07154,,0.43326,#N/A,1.857,#N/A
11/1/1979,13.18,5.9,12.59259,,0.37661,#N/A,,#N/A
12/1/1979,13.78,6,13.25479,-26.802,0.5321,#N/A,,#N/A
1/1/1980,13.82,6.3,13.86861,,0.61071,#N/A,1.869,#N/A
2/1/1980,14.13,6.3,14.16185,,0.80259,#N/A,,#N/A
3/1/1980,17.19,6.3,14.59227,-35.803,0.34792,#N/A,,#N/A
4/1/1980,17.61,6.9,14.58924,,0.16002,#N/A,1.847,#N/A
5/1/1980,10.98,7.5,14.42577,,0.67235,#N/A,,#N/A
6/1/1980,9.47,7.6,14.26593,-15.211,1.1175,#N/A,,#N/A
7/1/1980,9.03,7.8,13.15068,,1.06592,#N/A,1.831,#N/A
8/1/1980,9.61,7.7,12.89009,,1.03526,#N/A,,#N/A
9/1/1980,10.87,7.5,12.76882,5.471,0.80051,#N/A,,#N/A
10/1/1980,12.81,7.5,12.63298,,0.68615,#N/A,1.874,#N/A
11/1/1980,15.85,7.5,12.63158,,0.69409,1.598525,,#N/A
12/1/1980,18.9,7.2,12.35371,-6.682,0.25066,1.60314,,#N/A
1/1/1981,19.08,7.5,11.79487,,0.44381,1.6129,1.928,#N/A
2/1/1981,15.93,7.4,11.39241,,0.73433,1.608125,,#N/A
3/1/1981,14.7,7.4,10.61174,-14.259,1.10583,1.6294,,#N/A
4/1/1981,15.72,7.2,10.13597,,1.38091,1.665575,1.9,#N/A
5/1/1981,18.52,7.5,9.79192,,0.30135,1.65515,,#N/A
6/1/1981,19.1,7.5,9.69697,-13.508,0.36654,1.6645,,#N/A
7/1/1981,19.04,7.2,10.77482,,0.69449,1.685225,1.925,#N/A
8/1/1981,17.82,7.4,10.81731,,0.73726,1.69328,,#N/A
9/1/1981,15.87,7.6,10.96544,-7.561,0.69055,1.70615,,#N/A
10/1/1981,15.08,7.9,10.27155,,0.92614,1.72545,1.888,#N/A
11/1/1981,13.31,8.3,9.57944,,0.83053,1.73854,,#N/A
12/1/1981,12.37,8.5,8.91204,-14.75,1.11745,1.759175,,#N/A
1/1/1982,13.22,8.6,8.25688,,0.84876,1.775325,1.842,6.3945071
2/1/1982,14.78,8.9,7.61364,,0.23159,1.7647,,6.4321077
3/1/1982,14.68,9,6.88488,-16.276,0.67625,1.7777,,6.3877317
4/1/1982,14.94,9.3,6.62177,,0.97397,1.8095,1.836,6.1406276
5/1/1982,14.45,9.4,6.91193,,0.63751,1.80318,,5.4881669
6/1/1982,14.15,9.6,7.18232,-4.386,0.58389,1.822575,,5.4452325
7/1/1982,12.59,9.8,6.55738,,0.3012,1.8349,1.825,6.3748846
8/1/1982,10.12,9.8,5.96529,,0.74802,1.84358,,6.367801
9/1/1982,10.31,10.1,4.94092,-29.647,0.71537,1.85895,,6.339422
10/1/1982,9.71,10.4,5.03212,,0.60805,1.8738,1.804,5.1327583
11/1/1982,9.2,10.8,4.47761,,0.74878,1.88742,,4.6539145
12/1/1982,8.95,10.8,3.82572,-29.587,1.17853,1.909925,,4.5710148
1/1/1983,8.68,10.4,3.70763,,2.80707,1.96076,1.745,4.8633048
2/1/1983,8.51,10.4,3.48469,,1.90875,1.98575,,4.5956615
3/1/1983,8.77,10.3,3.59029,-24.548,0.92147,2.00865,,4.0629447
4/1/1983,8.8,10.2,4,,0.66495,2.033725,1.753,4.6289199
5/1/1983,8.63,10.1,3.44108,,0.71478,2.03014,,4.6186334
6/1/1983,8.98,10.1,2.47423,-45.434,0.50903,2.051875,,4.1399507
7/1/1983,9.37,9.4,2.35897,,0.55028,2.068875,1.779,4.9603809
8/1/1983,9.56,9.5,2.4565,,0.44556,2.07112,,5.1924267
9/1/1983,9.45,9.2,2.76356,-65.2,0.44359,2.08055,,5.1037494
10/1/1983,9.48,8.8,2.75229,,0.76805,2.0993,1.797,5.1155348
11/1/1983,9.34,8.5,3.16327,,0.62405,2.1178,,5.2028781
12/1/1983,9.47,8.3,3.7871,-71.385,0.53023,2.130975,,5.1980904
1/1/1984,9.56,8,4.29009,,0.69225,2.14494,1.812,5.2475146
2/1/1984,9.59,7.8,4.69388,,0.93537,2.14715,,5.0622947
3/1/1984,9.91,7.8,4.89297,-95.004,0.78769,2.16625,,4.8302654
4/1/1984,10.29,7.7,4.55466,,0.75855,2.1926,1.82,5.4205543
5/1/1984,10.32,7.4,4.33468,,0.56577,2.190575,,5.4580169
6/1/1984,11.06,7.2,4.32596,-104.301,0.49907,2.212925,,5.5883874
7/1/1984,11.23,7.5,4.30862,,0.37922,2.22592,1.829,5.692377
8/1/1984,11.64,7.5,4.2957,,0.31032,2.2291,,5.224781
9/1/1984,11.3,7.3,4.28287,-103.847,0.62769,2.2411,,5.1047828
10/1/1984,9.99,7.4,4.26587,,0.64605,2.25618,1.818,5.4138126
11/1/1984,9.43,7.2,4.1543,,0.99606,2.284375,,4.9376646
12/1/1984,8.38,7.3,4.04339,-107.756,1.09582,2.31488,,4.8509702
1/1/1985,8.35,7.3,3.52595,,1.1273,2.341125,1.799,4.8807597
2/1/1985,8.5,7.2,3.60624,,0.93037,2.34165,,4.6573474
3/1/1985,8.58,7.2,3.79009,-91.298,0.514,2.357575,,4.9883735
4/1/1985,8.27,7.3,3.5818,,0.38881,2.37756,1.795,4.7725855
5/1/1985,7.97,7.2,3.57488,,0.59358,2.37465,,4.7029389
6/1/1985,7.53,7.4,3.66442,-114.445,0.96673,2.408675,,4.716909
7/1/1985,7.88,7.4,3.45821,,0.70049,2.43196,1.795,4.407939
8/1/1985,7.9,7.1,3.35249,,0.59683,2.4422,,4.4287764
9/1/1985,7.92,7.1,3.24737,-116.895,0.50736,2.45068,,4.4613628
10/1/1985,7.99,7.1,3.23501,,0.47224,2.4669,1.792,4.4118946
11/1/1985,8.05,7,3.51377,,0.39708,2.479,,4.2730751
12/1/1985,8.27,7,3.79147,-133.434,0.57712,2.50078,,4.0037965
1/1/1986,8.14,6.7,3.97351,,0.40127,2.514975,1.792,3.9759159
2/1/1986,7.86,7.2,3.19849,,0.43164,2.500425,,3.9713373
3/1/1986,7.48,7.2,2.15356,-126.014,0.80385,2.52426,,3.4802235
4/1/1986,6.99,7.1,1.58879,,0.97509,2.565775,1.76,3.0175747
5/1/1986,6.85,7.2,1.6791,,1.05559,2.56825,,2.8514107
6/1/1986,6.92,7.2,1.76744,-128.872,0.78149,2.60154,,3.4637795
7/1/1986,6.56,7,1.67131,,0.82917,2.633,1.741,3.5734378
8/1/1986,6.17,6.9,1.57553,,0.75763,2.644425,,3.388122
9/1/1986,5.89,7,1.75763,-138.961,0.80484,2.65802,,3.4035122
10/1/1986,5.85,7,1.56682,,0.73469,2.68465,1.721,3.4713896
11/1/1986,6.04,6.9,1.2844,,0.51723,2.700225,,3.2203774
12/1/1986,6.91,6.6,1.18721,-133.629,0.98841,2.73352,,3.6377004
1/1/1987,6.43,6.6,1.36488,,0.58284,2.760925,1.718,3.4766992
2/1/1987,6.1,6.6,1.91431,,0.1312,2.734375,,3.5699365
3/1/1987,6.13,6.6,2.84143,-141.234,0.22566,2.74468,,3.0945875
4/1/1987,6.37,6.3,3.67985,,0.50841,2.781625,1.734,3.6402938
5/1/1987,6.85,6.3,3.66972,,0.18788,2.758275,,3.9085461
6/1/1987,6.73,6.2,3.74771,-146.977,0.06131,2.77102,,3.9808006
7/1/1987,6.58,6.1,3.92694,,0.15858,2.78715,1.751,4.0066156
8/1/1987,6.73,6,4.28832,,0.33105,2.78582,,4.126315
9/1/1987,7.22,5.9,4.27273,-145.464,0.40528,2.79355,,4.2771388
10/1/1987,7.29,6,4.35572,,0.54653,2.810675,1.776,4.3834831
11/1/1987,6.69,5.8,4.52899,,0.14566,2.81928,,3.9721739
12/1/1987,6.77,5.7,4.33213,-145.405,0.26606,2.8371,,4.083687
1/1/1988,6.83,5.7,4.12926,,0.74299,2.85995,1.768,3.6629208
2/1/1988,6.58,5.7,3.9356,,0.80775,2.85572,,3.7866556
3/1/1988,6.58,5.7,3.83244,-123.987,0.70722,2.885325,,3.6808433
4/1/1988,6.87,5.4,3.9929,,0.69187,2.9271,1.774,3.9816855
5/1/1988,7.09,5.6,3.9823,,0.52565,2.90852,,4.0994026
6/1/1988,7.51,5.4,3.96476,-106.627,0.42379,2.935125,,3.9480755
7/1/1988,7.75,5.4,4.13005,,0.29948,2.954,1.79,4.2701061
8/1/1988,8.01,5.6,4.11199,,0.16287,2.94874,,4.362807
9/1/1988,8.19,5.4,4.18483,-99.263,0.16599,2.95115,,4.414214
10/1/1988,8.3,5.4,4.26087,,0.28408,2.95926,1.813,4.3720582
11/1/1988,8.35,5.3,4.2461,,0.50248,2.982825,,4.2504516
12/1/1988,8.76,5.3,4.41176,-107.694,0.26844,2.997375,,4.4612583
1/1/1989,9.12,5.4,4.48276,,0.11713,3.00136,1.84,4.4802056
2/1/1989,9.36,5.2,4.64716,,0.01671,2.982025,,4.4007674
3/1/1989,9.85,5,4.8927,-100.965,0.25065,2.998375,,4.5305051
4/1/1989,9.84,5.2,5.03413,,0.21002,3.025875,1.861,4.7028561
5/1/1989,9.81,5.2,5.2766,,0.18629,2.99554,,4.852568
6/1/1989,9.53,5.3,5.16949,-88.16,0.54124,3.0213,,4.3841384
7/1/1989,9.24,5.2,5.06329,,0.80914,3.05194,1.853,4.3266076
8/1/1989,8.99,5.2,4.62185,,0.72074,3.0716,,4.127378
9/1/1989,9.02,5.3,4.43515,-75.075,0.58873,3.084875,,4.0212728
10/1/1989,8.84,5.3,4.58716,,0.69846,3.10506,1.834,4.2239744
11/1/1989,8.55,5.4,4.65503,,0.61655,3.13565,,3.9988063
12/1/1989,8.45,5.4,4.6396,-82.765,0.61277,3.15915,,3.6603593
1/1/1990,8.23,5.4,5.19802,,0.45361,3.17316,1.848,4.1516909
2/1/1990,8.24,5.3,5.26316,,0.39156,3.169175,,4.4318376
3/1/1990,8.28,5.2,5.23732,-88.536,0.34285,3.189875,,3.9925157
4/1/1990,8.26,5.4,4.71162,,0.36049,3.2167,1.859,4.1347922
5/1/1990,8.18,5.4,4.3654,,-0.03123,3.18615,,4.2465017
6/1/1990,8.29,5.2,4.67365,-68.833,0.4093,3.20905,,4.1908762
7/1/1990,8.15,5.5,4.81928,,0.33606,3.22234,1.856,4.0715514
8/1/1990,8.13,5.7,5.70281,,0.54272,3.2386,,4.1266926
9/1/1990,8.2,5.9,6.16987,-74.953,0.38865,3.249275,,4.7322385
10/1/1990,8.11,5.9,6.37959,,0.14441,3.25176,1.839,5.0042957
11/1/1990,7.81,6.2,6.19539,,0.10125,3.2651,,4.9594235
12/1/1990,7.31,6.3,6.25495,-79.096,0.28198,3.28166,,4.8876822
1/1/1991,6.91,6.4,5.64706,,0.48597,3.291175,1.826,4.0730006
2/1/1991,6.25,6.6,5.3125,,0.511,3.2937,,3.7918137
3/1/1991,6.12,6.8,4.82115,-47.14,0.52655,3.32215,,3.7886339
4/1/1991,5.91,6.7,4.80993,,0.31608,3.34798,1.833,3.7570386
5/1/1991,5.78,6.9,5.03486,,0.31809,3.329675,,3.6422551
6/1/1991,5.9,6.9,4.69592,-23.188,0.26623,3.34875,,3.5765848
7/1/1991,5.82,6.8,4.36782,,0.1253,3.35328,1.85,3.8492682
8/1/1991,5.66,6.9,3.79939,,-0.03278,3.352325,,3.7712021
9/1/1991,5.45,6.9,3.39623,-21.074,-0.00298,3.34662,,3.5858551
10/1/1991,5.21,7,2.84858,,0.155,3.355025,1.861,3.5977558
11/1/1991,4.81,7,3.06657,,0.16071,3.367775,,3.4862803
12/1/1991,4.43,7.3,2.98063,-23.053,0.19908,3.38458,,3.5525591
1/1/1992,4.03,7.3,2.67261,,0.26689,3.38585,1.874,3.2724393
2/1/1992,4.06,7.4,2.81899,,0.55602,3.3872,,3.3409544
3/1/1992,3.98,7.4,3.18991,-20.536,0.11471,3.40184,,3.5870624
4/1/1992,3.73,7.4,3.18283,,-0.12339,3.423375,1.905,3.3684803
5/1/1992,3.82,7.6,3.0236,,-0.03236,3.388225,,3.4097229
6/1/1992,3.76,7.8,3.01471,-32.788,-0.153,3.38746,,3.5547337
7/1/1992,3.25,7.7,3.15712,,0.01473,3.394875,1.931,3.2800719
8/1/1992,3.3,7.6,3.07467,,0.14438,3.39456,,3.113691
9/1/1992,3.22,7.6,2.9927,-38.488,0.33835,3.402075,,3.0056291
10/1/1992,3.1,7.3,3.27988,,0.39586,3.41715,1.951,2.9535204
11/1/1992,3.09,7.4,3.12046,,0.07886,3.43088,,3.0830561
12/1/1992,2.92,7.4,2.96671,-47.14,-0.05253,3.44125,,3.0122331
1/1/1993,3.02,7.3,3.2538,,-0.16352,3.434275,1.971,3.0462732
2/1/1993,3.03,7.1,3.24675,,-0.13454,3.398625,,2.9146659
3/1/1993,3.07,7,3.01941,-55.704,-0.082,3.40742,,2.9762001
4/1/1993,2.96,7.1,3.15638,,-0.01172,3.4331,1.985,2.9080126
5/1/1993,3,7.1,3.22119,,0.75045,3.4223,,2.8227684
6/1/1993,3.04,7,2.99786,-63.187,0.16003,3.44055,,2.8107258
7/1/1993,3.06,6.9,2.84698,,-0.01162,3.444075,1.997,2.8204755
8/1/1993,3.03,6.8,2.84091,,0.1075,3.43902,,2.8309168
9/1/1993,3.09,6.7,2.764,-68.354,0.18864,3.445225,,2.6860327
10/1/1993,2.99,6.8,2.75229,,0.13035,3.45175,2.023,2.7698057
11/1/1993,3.02,6.6,2.74455,,0.38765,3.46922,,2.8056918
12/1/1993,2.96,6.5,2.81096,-73.449,0.1268,3.494675,,2.6618748
1/1/1994,3.05,6.6,2.45098,,0.01151,3.4818,2.047,2.8546535
2/1/1994,3.25,6.6,2.51572,,0.02302,3.459675,,2.8042649
3/1/1994,3.34,6.5,2.65178,-80.595,0.12659,3.476975,,3.2724485
4/1/1994,3.56,6.4,2.36439,,0.03448,3.50715,2.08,3.2195329
5/1/1994,4.01,6.1,2.28849,,0.27289,3.47284,,3.2434833
6/1/1994,4.25,6.1,2.4948,-90.572,-0.32371,3.478875,,3.4229273
7/1/1994,4.26,6.1,2.69896,,0.25004,3.492175,2.103,3.2848815
8/1/1994,4.47,6,2.90055,,-0.07167,3.4815,,3.2882372
9/1/1994,4.73,5.9,2.96552,-96.868,0.01148,3.479375,,3.251555
10/1/1994,4.76,5.8,2.60989,,-0.05163,3.47542,2.139,3.4983836
11/1/1994,5.29,5.6,2.60274,,0.08323,3.492,,3.5738487
12/1/1994,5.45,5.5,2.5974,-101.913,-0.02294,3.506875,,3.9072213
1/1/1995,5.53,5.6,2.87081,,0.1721,3.49742,2.155,3.7001702
2/1/1995,5.92,5.4,2.86299,,-0.07158,3.474675,,3.5637152
3/1/1995,5.98,5.4,2.78722,-105.329,0.03438,3.4912,,3.474127
4/1/1995,6.05,5.8,3.125,,0.23202,3.525225,2.151,3.4644238
5/1/1995,6.01,5.6,3.11864,,0.71445,3.50258,,3.4662409
6/1/1995,6,5.6,3.0426,-109.492,0.70087,3.5448,,3.0571159
7/1/1995,5.85,5.7,2.83019,,0.52129,3.56622,2.142,3.2567759
8/1/1995,5.74,5.7,2.61745,,0.60548,3.585875,,3.2675624
9/1/1995,5.8,5.6,2.54521,-74.444,0.365,3.5964,,3.2099157
10/1/1995,5.76,5.5,2.74431,,0.31371,3.59832,2.147,3.1309968
11/1/1995,5.8,5.6,2.60347,,0.17989,3.622825,,2.9833163
12/1/1995,5.6,5.6,2.53165,-69.78,0.2652,3.64815,,2.7518619
1/1/1996,5.56,5.6,2.7907,,0.50696,3.65466,2.147,3.0038319
2/1/1996,5.22,5.5,2.71703,,0.38104,3.6448,,2.9196834
3/1/1996,5.31,5.5,2.84392,-88.795,0.68546,3.689075,,2.6168022
4/1/1996,5.22,5.6,2.83267,,0.29293,3.71746,2.165,3.1333648
5/1/1996,5.24,5.6,2.82709,,0.32182,3.689225,,3.2478188
6/1/1996,5.27,5.3,2.82152,-93.709,0.34775,3.720125,,3.2261356
7/1/1996,5.4,5.5,2.88336,,0.39221,3.73008,2.171,3.144873
8/1/1996,5.22,5.1,2.8123,,0.18464,3.742825,,3.1073244
9/1/1996,5.3,5.2,3.00457,-114.18,0.25107,3.74202,,3.1347765
10/1/1996,5.24,5.2,3.06189,,0.51686,3.75935,2.176,3.1805381
11/1/1996,5.31,5.4,3.25309,,0.59107,3.79025,,3.0987135
12/1/1996,5.29,5.4,3.37882,-88.822,0.61922,3.83476,,2.9632444
1/1/1997,5.25,5.3,3.03814,,0.419,3.845225,2.174,3.1574043
2/1/1997,5.19,5.2,3.03226,,0.30512,3.831625,,3.1308768
3/1/1997,5.39,5.2,2.76527,-108.839,0.38739,3.86818,,3.2344619
4/1/1997,5.51,5.1,2.43434,,0.4092,3.91035,2.19,3.2328116
5/1/1997,5.5,4.9,2.23785,,0.31468,3.86645,,3.1341546
6/1/1997,5.56,5,2.23357,-85.201,0.43197,3.896,,3.201087
7/1/1997,5.52,4.9,2.16561,,0.45827,3.919525,2.192,3.0903227
8/1/1997,5.54,4.8,2.29008,,0.85374,3.9482,,2.9692178
9/1/1997,5.54,4.9,2.2194,-96.831,0.39673,3.96004,,3.0134879
10/1/1997,5.5,4.7,2.08597,,0.48325,3.977675,2.184,2.9881361
11/1/1997,5.52,4.6,1.89036,,0.56358,4.0069,,2.9327548
12/1/1997,5.5,4.7,1.69705,-117.014,0.45083,4.04928,,2.9354614
1/1/1998,5.56,4.6,1.63112,,0.57775,4.06895,2.17,2.7570107
2/1/1998,5.51,4.6,1.4402,,0.80617,4.0695,,2.6177094
3/1/1998,5.49,4.7,1.37672,-135.215,0.62119,4.12466,,2.8714847
4/1/1998,5.45,4.3,1.4384,,0.62951,4.18195,2.155,2.7267374
5/1/1998,5.49,4.4,1.68856,,0.58451,4.13875,,2.644841
6/1/1998,5.56,4.5,1.62297,-162.331,0.47306,4.16936,,2.4650222
7/1/1998,5.54,4.5,1.74564,,0.47083,4.19535,2.155,2.7361812
8/1/1998,5.55,4.5,1.61692,,0.59232,4.21596,,2.7124419
9/1/1998,5.51,4.6,1.4268,-174.634,0.9199,4.25505,,2.5336411
10/1/1998,5.07,4.5,1.48607,,0.93964,4.2874,2.14,2.3601762
11/1/1998,4.83,4.4,1.48423,,0.89839,4.33864,,2.3458166
12/1/1998,4.68,4.4,1.60692,-178.663,0.66262,4.3978,,2.2704824
1/1/1999,4.63,4.3,1.66667,,0.62626,4.4169,2.129,2.395567
2/1/1999,4.76,4.4,1.66667,,0.5156,4.410475,,2.4182198
3/1/1999,4.81,4.2,1.7284,-212.559,0.15366,4.44782,,2.7113296
4/1/1999,4.74,4.3,2.28113,,0.64529,4.51025,2.124,2.7007827
5/1/1999,4.74,4.2,2.09102,,0.55148,4.45984,,2.7428736
6/1/1999,4.76,4.3,1.9656,-247.53,0.48826,4.495025,,2.3467564
7/1/1999,4.99,4.3,2.14461,,0.6057,4.5192,2.128,2.8008632
8/1/1999,5.07,4.2,2.26438,,0.37931,4.53476,,2.8129568
9/1/1999,5.22,4.2,2.62997,-276.403,0.35152,4.555225,,2.6882069
10/1/1999,5.2,4.1,2.56254,,0.52105,4.571525,2.146,2.8762836
11/1/1999,5.42,4.1,2.62035,,0.41381,4.60256,,2.9859271
12/1/1999,5.3,4,2.6764,-301.708,0.59646,4.660075,,3.1640203
1/1/2000,5.45,4,2.79296,,0.60802,4.6743,2.135,3.080288
2/1/2000,5.73,4.1,3.21797,,0.28289,4.6737,,3.1570678
3/1/2000,5.85,4,3.76214,-356.583,0.6582,4.7313,,3.2388566
4/1/2000,6.02,3.8,3.01386,,1.18679,4.814475,2.151,3.1606735
5/1/2000,6.27,4,3.13253,,-0.25597,4.73184,,3.3126257
6/1/2000,6.53,4,3.73494,-362.501,0.37653,4.7595,,3.7602013
7/1/2000,6.54,4,3.59928,,0.36883,4.7701,2.141,3.0862813
8/1/2000,6.5,4.1,3.35129,,0.58671,4.805225,,3.1234906
9/1/2000,6.52,3.9,3.4565,-393.867,0.74105,4.8388,,3.1741185
10/1/2000,6.51,3.9,3.45033,,0.32968,4.84878,2.133,3.1062109
11/1/2000,6.51,3.9,3.44418,,0.22796,4.8815,,3.0989798
12/1/2000,6.4,3.9,3.43602,-411.343,0.91593,4.939125,,3.1672986
1/1/2001,5.98,4.2,3.7212,,1.02944,4.98102,2.085,2.6536536
2/1/2001,5.49,4.2,3.52941,,0.77175,5.0021,,2.632136
3/1/2001,5.31,4.3,2.98246,-402.653,1.15474,5.0891,,2.1422446
4/1/2001,4.8,4.4,3.21826,,1.25986,5.16706,2.059,2.5592129
5/1/2001,4.21,4.3,3.56308,,-0.05647,5.109225,,2.7238774
6/1/2001,3.97,4.5,3.19396,-364.015,0.78901,5.159475,,2.7511842
7/1/2001,3.77,4.6,2.72148,,0.57795,5.1828,2.014,2.6878453
8/1/2001,3.65,4.9,2.72148,,0.64958,5.224325,,2.5859519
9/1/2001,3.07,5,2.59217,-370.634,2.12327,5.330225,,3.1152263
10/1/2001,2.49,5.3,2.12766,,-0.21128,5.3162,1.98,2.2912795
11/1/2001,2.09,5.5,1.89437,,0.8188,5.37955,,2.0813513
12/1/2001,1.82,5.7,1.60367,-369.688,0.98498,5.45682,,2.7313753
1/1/2002,1.73,5.7,1.1959,,0.37359,5.4553,1.969,2.2902539
2/1/2002,1.74,5.7,1.13636,,0.53721,5.4642,,2.1457897
3/1/2002,1.73,5.7,1.36286,-386.884,0.21519,5.5121,,2.013877
4/1/2002,1.75,5.9,1.64399,,0.00364,5.53378,1.972,2.5878316
5/1/2002,1.75,5.8,1.24083,,0.47494,5.49895,,2.6186536
6/1/2002,1.75,5.8,1.06922,-428.259,0.45278,5.534225,,2.3419254
7/1/2002,1.73,5.8,1.46561,,0.76805,5.5695,1.953,2.3480992
8/1/2002,1.74,5.7,1.74746,,0.76041,5.620325,,2.1314545
9/1/2002,1.75,5.7,1.516,-447.548,0.43327,5.64246,,2.0411286
10/1/2002,1.75,5.7,2.02703,,0.78501,5.6844,1.927,2.0053377
11/1/2002,1.34,5.9,2.25352,,0.88064,5.74725,,2.0305948
12/1/2002,1.24,6,2.48027,-496.289,0.37214,5.79974,,1.9511579
1/1/2003,1.24,5.8,2.75746,,0.5648,5.8007,1.915,2.0790118
2/1/2003,1.26,5.9,3.14607,,0.62192,5.811225,,2.1065381
3/1/2003,1.25,5.9,3.02521,-525.262,0.35441,5.87458,,1.903343
4/1/2003,1.26,6,2.17513,,0.63807,5.9401,1.901,1.9895133
5/1/2003,1.26,6.1,1.89415,,1.02563,5.935875,,1.8385312
6/1/2003,1.22,6.3,1.94878,-519.87,0.61584,5.98522,,2.2847306
7/1/2003,1.01,6.2,2.05556,,0.77885,6.0347,1.905,1.6263355
8/1/2003,1.03,6.1,2.21607,,0.96149,6.091625,,1.8526073
9/1/2003,1.01,6.1,2.37832,-518.994,-0.45896,6.06496,,1.9804944
10/1/2003,1.01,6,2.04194,,-0.1515,6.0515,1.94,1.7885532
11/1/2003,1,5.8,1.92837,,0.09071,6.068825,,1.9308072
12/1/2003,0.98,5.7,2.0352,-523.694,-0.02966,6.0959,,2.2234564
1/1/2004,1,5.7,2.02629,,0.13515,6.0678,1.95,1.9069713
2/1/2004,1.01,5.6,1.68845,,0.63863,6.0739,,1.9871939
3/1/2004,1,5.8,1.74008,-565.975,0.58551,6.15564,,1.7042839
4/1/2004,1,5.6,2.29258,,0.66828,6.2399,1.94,1.8527671
5/1/2004,1,5.6,2.89776,,1.24209,6.24286,,2.2141024
6/1/2004,1.03,5.6,3.16767,-617.581,0.03829,6.273675,,2.5740778
7/1/2004,1.26,5.5,2.93958,,0.22008,6.2806,1.949,2.2558469
8/1/2004,1.43,5.4,2.54743,,0.4185,6.29492,,2.3408529
9/1/2004,1.61,5.4,2.53917,-652.672,0.54987,6.33715,,2.6767708
10/1/2004,1.76,5.5,3.19091,,0.44127,6.351475,1.958,2.145831
11/1/2004,1.93,5.4,3.62162,,0.4158,6.39522,,2.2068239
12/1/2004,2.16,5.4,3.34232,-700.336,0.28907,6.44845,,1.7525286
1/1/2005,2.28,5.3,2.84487,,0.0966,6.4072,1.985,2.1405957
2/1/2005,2.5,5.4,3.05303,,0.12919,6.405675,,2.1370072
3/1/2005,2.63,5.2,3.20684,-696.655,0.14146,6.463975,,2.3342418
4/1/2005,2.79,5.2,3.36179,,0.21733,6.518525,1.995,2.4622893
5/1/2005,3,5.1,2.86929,,0.26952,6.45422,,2.5780667
6/1/2005,3.04,5,2.54103,-707.21,0.50206,6.513825,,2.3619011
7/1/2005,3.26,5,3.06716,,0.48572,6.528925,2,2.3318043
8/1/2005,3.5,4.9,3.64693,,0.50173,6.54878,,2.4638191
9/1/2005,3.62,5,4.74183,-750.961,0.51901,6.58925,,2.3538136
10/1/2005,3.78,5,4.3501,,0.51936,6.60874,2.001,2.8474638
11/1/2005,4,5,3.33855,,0.24704,6.65615,,3.0510174
12/1/2005,4.16,4.9,3.33855,-804.786,0.40421,6.70245,,3.2271725
1/1/2006,4.29,4.7,4.01879,,0.63455,6.70996,2.016,2.4027758
2/1/2006,4.49,4.8,3.63825,,0.36138,6.720775,,2.5082827
3/1/2006,4.59,4.7,3.41792,-790.818,0.2119,6.794575,,1.768612
4/1/2006,4.79,4.7,3.61384,,0.55006,6.87005,2.017,2.6830379
5/1/2006,4.94,4.6,3.97727,,0.1,6.79382,,2.8830197
6/1/2006,4.99,4.6,4.18172,-794.042,0.55826,6.851775,,2.7447553
7/1/2006,5.24,4.7,4.10467,,0.60483,6.86938,2.006,2.8005219
8/1/2006,5.25,4.7,3.92657,,0.44726,6.89295,,2.8670646
9/1/2006,5.25,4.5,2.01207,-823.284,0.39178,6.920125,,2.6513028
10/1/2006,5.25,4.4,1.40633,,0.70706,6.95242,1.997,2.4007047
11/1/2006,5.25,4.5,1.9687,,0.50191,7.024325,,1.8893923
12/1/2006,5.24,4.4,2.52398,-737.668,0.61465,7.08615,,1.9891528
1/1/2007,5.25,4.6,2.07577,,0.53736,7.10488,1.993,2.6838116
2/1/2007,5.26,4.5,2.42026,,0.22083,7.105525,,2.6396415
3/1/2007,5.26,4.4,2.7982,-739.273,0.47437,7.1937,,2.7976602
4/1/2007,5.25,4.5,2.59292,,1.00851,7.28972,1.986,2.7184483
5/1/2007,5.25,4.4,2.70989,,0.19499,7.240575,,2.9243064
6/1/2007,5.25,4.6,2.69277,-745.806,0.45822,7.2829,,3.214615
7/1/2007,5.26,4.7,2.31789,,0.41766,7.28512,1.977,2.614408
8/1/2007,5.02,4.6,1.89745,,1.04118,7.34495,,2.6534371
9/1/2007,4.94,4.7,2.83383,-728.954,0.24509,7.3726,,2.5740481
10/1/2007,4.76,4.7,3.6107,,0.18911,7.37124,1.977,2.2920506
11/1/2007,4.49,4.7,4.37327,,0.33166,7.43235,,2.6320037
12/1/2007,4.24,5,4.10881,-729.699,0.40044,7.4966,,2.5437758
1/1/2008,3.94,5,4.2947,,0.45372,7.503225,1.939,2.466622
2/1/2008,2.98,4.9,4.14296,,1.13384,7.571725,,2.2977869
3/1/2008,2.61,5.1,3.9749,-771.248,0.86423,7.707,,1.9336763
4/1/2008,2.28,5,3.90376,,0.56164,7.775875,1.927,2.0175043
5/1/2008,1.98,5.4,4.08841,,0.15586,7.70365,,2.2868435
6/1/2008,2,5.6,4.93597,-776.404,0.22954,7.7295,,2.7285115
7/1/2008,2.01,5.8,5.49751,,0.60164,7.7484,1.908,2.9490198
8/1/2008,2,6.1,5.30802,,0.19034,7.74475,,3.0525448
9/1/2008,1.81,6.1,4.95332,-787.354,0.88958,7.79678,,2.7309252
10/1/2008,0.97,6.5,3.73106,,1.34614,7.923025,1.813,1.6072395
11/1/2008,0.39,6.8,1.09992,,0.634,7.98345,,0.78457206
12/1/2008,0.16,7.3,-0.02223,-628.474,2.19941,8.20094,,0.28299557
1/1/2009,0.15,7.8,-0.11359,,0.99608,8.28525,1.735,0.47357505
2/1/2009,0.22,8.3,0.00846,,0.35534,8.286875,,0.38164688
3/1/2009,0.18,8.7,-0.44648,-420.992,0.79729,8.4273,,-0.48067803
4/1/2009,0.15,9,-0.57632,,0.04301,8.449725,1.709,1.2289362
5/1/2009,0.18,9.4,-1.01576,,0.69032,8.4223,,1.2972457
6/1/2009,0.21,9.5,-1.22917,-358.368,0.11624,8.43974,,1.2745119
7/1/2009,0.16,9.5,-1.95876,,0.0545,8.411575,1.711,1.5522347
8/1/2009,0.16,9.6,-1.48384,,-0.00118,8.38542,,2.0245319
9/1/2009,0.15,9.8,-1.37794,-423.998,-0.00947,8.397425,,2.3608109
10/1/2009,0.12,10,-0.22397,,0.31856,8.4225,1.726,1.6283633
11/1/2009,0.12,9.9,1.91459,,0.3506,8.48984,,1.8070337
12/1/2009,0.12,9.9,2.81412,-473.254,-0.05647,8.546675,,1.7866037
1/1/2010,0.11,9.8,2.62111,,-0.44609,8.47915,1.739,1.6957593
2/1/2010,0.13,9.8,2.15134,,0.58287,8.487275,,1.7316171
3/1/2010,0.16,9.9,2.28617,-509.192,-0.03409,8.56614,,1.9701388
4/1/2010,0.2,9.9,2.20677,,0.36099,8.61155,1.746,1.587202
5/1/2010,0.2,9.6,2.00355,,0.64088,8.57766,,1.562963
6/1/2010,0.18,9.4,1.12156,-542.514,0.22235,8.60895,,1.3532178
7/1/2010,0.18,9.4,1.34078,,0.11383,8.57785,1.748,0.96279857
8/1/2010,0.19,9.5,1.15018,,0.58361,8.60176,,1.3411201
9/1/2010,0.19,9.5,1.11831,-553.943,0.35759,8.6506,,0.90713698
10/1/2010,0.19,9.4,1.1667,,0.56666,8.703725,1.745,1.3652619
11/1/2010,0.19,9.8,1.08454,,0.23544,8.76236,,1.3962369
12/1/2010,0.18,9.3,1.43779,-523.586,0.3626,8.852375,,1.4938723
1/1/2011,0.17,9.1,1.70078,,0.242,8.85306,1.728,1.7900451
2/1/2011,0.16,9,2.1249,,0.7231,8.887125,,1.9547432
3/1/2011,0.14,9,2.61924,-568.476,0.63689,8.9989,,2.1063793
4/1/2011,0.1,9.1,3.07723,,0.68653,9.0646,1.714,2.0757372
5/1/2011,0.09,9,3.45897,,0.78402,9.01834,,2.292302
6/1/2011,0.09,9.1,3.50232,-581.092,0.83191,9.102975,,2.1177045
7/1/2011,0.07,9,3.57988,,1.80964,9.238325,1.656,2.432348
8/1/2011,0.1,9,3.755,,2.0501,9.44498,,1.5113148
9/1/2011,0.08,9,3.81262,-567.111,0.21772,9.49765,,1.008876
10/1/2011,0.07,8.8,3.52227,,0.35473,9.54442,1.648,1.4656093
11/1/2011,0.08,8.6,3.45143,,0.52813,9.632875,,1.5052488
12/1/2011,0.07,8.5,3.06207,-601.788,0.49414,9.7093,,1.7116627
1/1/2012,0.08,8.3,3.00877,,0.75776,9.76884,1.642,1.4714419
2/1/2012,0.1,8.3,2.89818,,0.53836,9.781325,,1.5014226
3/1/2012,0.13,8.2,2.58288,-602.271,0.45883,9.891925,,1.3620536
4/1/2012,0.14,8.2,2.27316,,0.54931,9.94742,1.631,1.6869361
5/1/2012,0.16,8.2,1.73794,,0.44311,9.8832,,1.5903147
6/1/2012,0.16,8.2,1.65387,-565.241,0.71411,9.95075,,0.78930567
7/1/2012,0.16,8.2,1.41751,,0.52504,10.00014,1.612,1.2966497
8/1/2012,0.13,8.1,1.68593,,0.69142,10.06345,,1.3700924
9/1/2012,0.14,7.8,1.94972,-523.083,0.78547,10.15085,,1.9315046
10/1/2012,0.16,7.8,2.15568,,0.65191,10.22824,1.586,1.6131067
11/1/2012,0.16,7.7,1.79602,,0.6847,10.3412,,1.6632266
12/1/2012,0.16,7.9,1.7595,-515.874,1.18113,10.51304,,2.1029068
1/1/2013,0.14,8,1.68406,,0.1893,10.516425,1.583,1.3155854
2/1/2013,0.15,7.7,2.01814,,0.02386,10.4702,,1.3608065
3/1/2013,0.14,7.5,1.51875,-500.212,0.64873,10.595125,,1.0049408
4/1/2013,0.15,7.6,1.13881,,0.34028,10.66822,1.571,1.4563149
5/1/2013,0.11,7.5,1.39039,,0.39959,10.57535,,1.1780254
6/1/2013,0.09,7.5,1.71579,-499.345,0.53349,10.633825,,1.3532103
7/1/2013,0.09,7.3,1.88547,,0.42958,10.67752,1.568,1.0030329
8/1/2013,0.08,7.2,1.53881,,0.55355,10.731075,,1.797427
9/1/2013,0.08,7.2,1.09473,-482.952,0.47358,10.79948,,2.202423
10/1/2013,0.09,7.2,0.8768,,1.06445,10.9328,1.56,1.5555239
11/1/2013,0.08,6.9,1.23287,,0.11226,10.965725,,1.4505754
12/1/2013,0.09,6.7,1.51284,-435.068,0.54517,11.08916,,1.9240314
1/1/2014,0.07,6.6,1.55776,,0.45427,11.11105,1.538,1.6382453
2/1/2014,0.07,6.7,1.12047,,0.74105,11.1375,,1.5858281
3/1/2014,0.08,6.7,1.61269,-511.282,0.35122,11.266,,1.2194617
4/1/2014,0.09,6.2,2.01513,,0.50624,11.3379,1.542,1.653011
5/1/2014,0.09,6.3,2.16695,,0.61651,11.264575,,1.76839
6/1/2014,0.1,6.1,2.05898,-506.491,0.4803,11.33432,,1.5265458
7/1/2014,0.09,6.2,1.97424,,0.52018,11.39105,1.547,1.8594911
8/1/2014,0.09,6.1,1.7151,,0.25787,11.4192,,1.8065541
9/1/2014,0.09,5.9,1.68405,-490.466,0.29121,11.45852,,2.1150395
10/1/2014,0.09,5.7,1.60954,,0.52683,11.542775,1.537,1.6022445
11/1/2014,0.09,5.8,1.23152,,0.35716,11.59565,,1.321155
12/1/2014,0.12,5.6,0.65312,-531.908,0.6618,11.73906,,2.1860996
1/1/2015,0.11,5.7,-0.22993,,0.54531,11.76195,1.521,0.91604112
2/1/2015,0.11,5.5,-0.08703,,1.01063,11.821425,,0.38334206
3/1/2015,0.11,5.4,-0.02203,-526.916,0.13233,11.94572,,0.79843856
4/1/2015,0.12,5.4,-0.10403,,0.40237,12.02295,1.521,1.5899931
5/1/2015,0.12,5.6,0.03503,,0.27584,11.898875,,1.7028274
6/1/2015,0.13,5.3,0.17957,-508.803,0.38043,11.95308,,1.7750546
7/1/2015,0.13,5.2,0.22569,,0.43812,12.016,1.512,1.8011251
8/1/2015,0.14,5.1,0.2413,,0.42377,12.06256,,1.7247986
9/1/2015,0.14,5,0.00884,-543.012,0.45419,12.139025,,1.92835583
10/1/2015,0.12,5,0.12762,,0.26553,12.158,1.493,1.3119821
11/1/2015,0.12,5.1,0.43632,,0.73134,12.28804,,1.3066673
12/1/2015,0.24,5,0.63872,-526.066,0.47208,12.422675,,1.46795515
1/1/2016,0.34,4.8,1.2375,,1.02074,12.484175,1.469,1.47498776
2/1/2016,0.38,4.9,0.84728,,0.60626,12.5052,,1.11589387
3/1/2016,0.36,5,0.89162,-514.394,0.51094,12.678775,,0.78224551
4/1/2016,0.37,5.1,1.17263,,0.70343,12.791525,1.458,1.68966418
5/1/2016,0.37,4.8,1.07848,,0.5292,12.70396,,1.66012215
6/1/2016,0.38,4.9,1.07929,-491.683,0.51936,12.7861,,1.28116185
7/1/2016,0.39,4.8,0.86836,,0.46836,12.841375,1.448,1.64813436
8/1/2016,0.4,4.9,1.05532,,0.66863,12.93194,,1.5900866
9/1/2016,0.4,5,1.54864,-485.079,0.46,13.013475,,2.06443724
10/1/2016,0.4,4.9,1.68592,,0.51772,13.07116,1.441,1.74399736
11/1/2016,0.41,4.7,1.68433,,0.54252,13.19075,,1.90220184
12/1/2016,0.54,4.7,2.0508,-533.843,0.2512,13.2846,,2.2917332
1/1/2017,0.65,4.7,2.51039,,0.55339,13.29282,1.434,2.1027318
2/1/2017,0.66,4.6,2.81036,,0.51721,13.2996,,1.94277371
3/1/2017,0.79,4.4,2.4412,-532.956,0.5183,13.4804,,1.50314821
4/1/2017,0.9,4.4,2.17622,,0.46421,13.589025,1.427,1.71866969
5/1/2017,0.91,4.4,1.85634,,0.38493,13.46646,,1.56480634
6/1/2017,1.04,4.3,1.64057,-553.787,0.17806,13.5201,,0.95868776
7/1/2017,1.15,4.3,1.72511,,0.458,13.5779,1.431,1.71215951
8/1/2017,1.16,4.4,1.92812,,0.43022,13.653225,,1.65217832
9/1/2017,1.15,4.3,2.18057,-518.423,0.31068,13.699125,,2.05780237
10/1/2017,1.15,4.2,2.02076,,0.403,13.74422,1.44,1.95269933
11/1/2017,1.16,4.2,2.17249,,0.1938,13.818125,,2.06917502
12/1/2017,1.3,4.1,2.12993,-541.767,0.34917,13.928375,,2.82407476
1/1/2018,1.41,4,2.1037,,0.11478,13.88418,1.449,1.9048938
2/1/2018,1.42,4.1,2.22658,,0.30285,13.839275,,2.13804094
3/1/2018,1.51,4,2.33259,-576.427,0.39755,14.00535,,1.68874433
4/1/2018,1.69,4,2.43783,,0.15896,14.07876,1.458,1.84679022
5/1/2018,1.7,3.8,2.77659,,0.38248,13.97555,,1.96778394
6/1/2018,1.82,4,2.84851,-543.359,0.43728,14.06695,,1.59099529
7/1/2018,1.91,3.8,2.89875,,0.24393,14.10602,1.459,2.12308939
8/1/2018,1.91,3.8,2.678,,0.35651,14.16095,,2.12845808
9/1/2018,1.95,3.7,2.35518,-618.199,0.19172,14.1988,,2.41001454
10/1/2018,2.19,3.8,2.52852,,0.09779,14.19992,1.458,2.21216657
11/1/2018,2.2,3.8,2.17281,,0.09207,14.2421,,2.16701625
12/1/2018,2.27,3.9,1.91522,-634.322,0.82294,14.43386,,1.98107002
1/1/2019,2.4,4,1.49833,,0.50143,14.434375,1.452,1.8039584
2/1/2019,2.4,3.8,1.48172,,0.28758,14.387625,,1.78943106
3/1/2019,2.41,3.8,1.87995,-599.911,0.26533,14.54635,,1.37532429
4/1/2019,2.42,3.6,2.00563,,0.20881,14.62816,1.453,2.0373803
5/1/2019,2.39,3.6,1.81275,,0.62926,14.5613,,2.18513987
6/1/2019,2.38,3.6,1.68964,-615.702,0.83581,14.718475,,1.60914045
7/1/2019,2.4,3.7,1.82116,,0.53542,14.80184,1.443,1.74765616
8/1/2019,2.13,3.7,1.75969,,0.57976,14.8887,,1.71433646
9/1/2019,2.04,3.5,1.72733,-584.841,0.56971,14.9785,,1.64492794
10/1/2019,1.83,3.6,1.75708,,0.92904,15.108375,1.425,1.72460183
11/1/2019,1.55,3.6,2.03082,,0.69796,15.238725,,1.69729979
12/1/2019,1.55,3.6,2.26172,-514.683,0.45377,15.3969,,1.70378442
1/1/2020,1.55,3.5,2.46049,,0.53985,15.4096,1.379,1.79710932
2/1/2020,1.58,3.5,2.31971,,0.36944,15.36025,,1.64596366
3/1/2020,0.65,4.4,1.53064,-522.725,3.42784,15.9522,,0.98707392
4/1/2020,0.05,14.7,0.36486,,6.34139,17.05265,1.112,-0.05035367
5/1/2020,0.05,13.2,0.24244,,4.89752,17.7033,,-0.21879037
6/1/2020,0.08,11,0.72681,-526.273,1.64899,18.06486,,0.51275711
7/1/2020,0.09,10.2,1.03283,,0.81912,18.262025,1.161,1.57200144
8/1/2020,0.1,8.4,1.32759,,0.4355,18.30366,,1.67677177
9/1/2020,0.09,7.9,1.40065,-692.412,1.18644,18.541325,,1.5827644
10/1/2020,0.09,6.9,1.1842,,0.86406,18.6597,1.146,1.39703767
11/1/2020,0.09,6.7,1.13776,,1.24949,18.95554,,1.42002946
12/1/2020,0.09,6.7,1.27815,-768.588,0.81709,19.234575,,1.64952129
1/1/2021,0.09,6.4,1.35997,,1.29518,19.370075,1.138,1.4460926
2/1/2021,0.08,6.2,1.67524,,1.25281,19.472675,,1.67548668
3/1/2021,0.07,6,2.65838,-808.606,1.2164,19.8755,,1.51383809
4/1/2021,0.07,6,4.15199,,1.29396,20.2728,1.134,1.75471736
5/1/2021,0.06,5.8,4.94444,,1.53152,20.3146,,1.86820734
6/1/2021,0.08,5.9,5.34102,-834.396,0.20276,20.432925,,2.05518859
7/1/2021,0.1,5.4,5.2761,,0.75855,20.5491,1.132,2.07311612
8/1/2021,0.09,5.2,5.20533,,1.06717,20.74004,,2.46241259
9/1/2021,0.08,4.7,5.38991,-889.143,0.62586,20.91895,,2.68413713
10/1/2021,0.08,4.6,6.23694,,0.84996,21.074625,1.142,1.85436755
11/1/2021,0.08,4.2,6.82837,,0.97097,21.30234,,2.4798405
12/1/2021,0.08,3.9,7.09654,-914.708,0.65951,21.6456,,2.62030861
1/1/2022,0.08,4,7.52593,,0.74267,21.64742,1.14,2.24175848
2/1/2022,0.08,3.8,7.91202,,0.2716,21.59025,,2.62741883
3/1/2022,0.2,3.6,8.55759,-1116.682,0.14418,21.84105,,3.05769883
4/1/2022,0.33,3.6,8.22414,,-0.43883,21.907125,1.167,3.39290341
5/1/2022,0.77,3.6,8.51641,,0.02264,21.5608,,3.63465785
6/1/2022,1.21,3.6,8.99522,-1035.565,-0.19308,21.5815,,4.22671337
7/1/2022,1.68,3.5,8.48213,,0.13282,21.581675,1.191,3.3092777
8/1/2022,2.33,3.7,8.24923,,-0.01987,21.55476,,3.37713165
9/1/2022,2.56,3.5,8.22241,-890.825,-0.59496,21.47145,,4.17914969
10/1/2022,3.08,3.7,7.76312,,-0.41064,21.36816,1.225,2.88195932
11/1/2022,3.78,3.6,7.13,,-0.41064,21.328125,1.225,3.23
12/1/2022,4.1,3.5,6.44,-847.11,-0.41064,21.374,1.225,2.66
,,,,,,,,
